{
    "type": "origins:active_self",
    "cooldown": 100,
    "hud_render": {
        "should_render": true,
        "sprite_location": "origins:textures/gui/community/huang/resource_bar_01.png",
        "bar_index": 24
    },
    "entity_action": {
    "type": "origins:raycast",
    "distance": 16,
    "block": true,
    "entity": true,
    "shape_type": "visual",
    "fluid_handling": "any",
    "bientity_action": {
        "type": "origins:target_action",
        "action": {
            "type": "origins:execute_command",
            "command": "tag @s add tongue"
        }
    },
    "before_action": {
        "type": "origins:execute_command",
        "command": "tag @e remove tongue"
    },
    "hit_action": {
        "type": "origins:execute_command",
        "command": "tp @e[tag=tongue] @s"
    },
    "command_along_ray": "particle minecraft:crit",
    "command_step": 1,
    "command_along_ray_only_on_hit": true
    },
    "name": "tongue",
    "description": "You can drag entities toward you with your tongue"
}