{
    "type": "origins:action_on_block_use",
    "block_action": {
        "type": "origins:set_block",
        "block": "minecraft:iron_block"
    },
    "block_condition": {
        "type": "origins:or",
        "conditions": [
            {
                "type": "origins:block",
                "block": "minecraft:anvil"
            },
            {
                "type": "origins:block",
                "block": "minecraft:chipped_anvil"
            },
            {
                "type": "origins:block",
                "block": "minecraft:damaged_anvil"
            }
        ]
    },
    "hidden": true,
    "name": "friends",
    "description": "your friends with the village, don't harm their defenders"
}