{
    "type": "origins:active_self",
    "cooldown": 6000,
    "hud_render": {
        "should_render": true,
        "sprite_location": "origins:textures/gui/community/spiderkolo/resource_bar_01.png",
        "bar_index": 6
    },
    "entity_action": {
        "type": "origins:and",
        "actions": [
            {
                "type": "origins:execute_command",
                "command": "summon iron_golem"
            },
            {
                "type": "origins:execute_command",
                "command": "summon iron_golem"
            },
            {
                "type": "origins:execute_command",
                "command":"summon iron_golem"
            }
        ]
    },
    "name": "assistance",
    "description": "the village instantly sends you 3 iron golems to help you"
}