{
    "type": "origins:action_over_time",
    "entity_action": {
        "type": "origins:apply_effect",
        "effect": {
            "effect": "minecraft:slowness",
            "duration": 200,
            "amplifier": 1,
            "show_particles": false,
            "show_icon": false
        }
    },
    "interval": 100,
    "name": "slowness",
    "description": "Your slow der",
    "condition": {
        "type": "origins:power_active",
        "power": "chill:ferrari/transform",
        "inverted": true
    }
}