{
	"type": "origins:action_on_callback",
	"entity_action_chosen": {
		"type": "origins:and",
		"actions": [
			{
				"type": "origins:execute_command",
				"command": "scale set pehkui:base 1.5 @s"
			},
			{
				"type": "origins:execute_command",
				"command": "scale persist set true @s"
			},
			{
				"type": "origins:execute_command",
				"command": "scale set pehkui:reach 1.5 @s"
			}
		]
	},
	"entity_action_lost": {
		"type": "origins:execute_command",
		"command": "scale reset @s"
	},
	"name": "tall",
	"description": "You are 3 blocks tall"
}