{
    "type": "origins:action_over_time",
    "entity_action": {
        "type": "origins:change_resource",
        "resource": "*:fall_break_resource",
        "change": 1
    },
    "interval": 1,
    "condition": {
        "type": "origins:or",
        "conditions": [
            {
            "type": "origins:on_block"
            },
            {
            "type": "origins:swimming"
            },
            {
            "type": "origins:submerged_in",
            "fluid": "minecraft:water"
            },
            {
            "type": "origins:submerged_in",
            "fluid": "minecraft:lava"
            },
            {
            "type": "origins:fall_flying"
            }
        ]
    },
    "hidden": true
}