{
    "type": "origins:resource",
    "min": 0,
    "max": 40,
    "starting_value": 40,
    "hud_render": {
        "should_render": true,
        "sprite_location": "origins:textures/gui/community/spiderkolo/resource_bar_03.png",
        "bar_index": 23,
        "condition": {
            "type": "origins:and",
            "conditions": [{
            "type": "origins:sneaking"
        },
        {
            "type": "origins:swimming",
            "inverted": true
        }
    ]
    }
},
"hidden": true
}