{
	"type": "origins:multiple",
    "name": "Runner's Grapple",
    "description": "Holding a fishing rod, and pressing your primary key will allow you to use your fishing rod as a grappling hook, which will be useful for area traversal and hard to reach places.",
	"visual_1": {
		"type": "origins:fire_projectile",
		"cooldown": 0,
		"divergence": 0,
		"speed": 6,
		"entity_type": "minecraft:fishing_bobber",
		"hud_render": {
			"should_render": true,
			"sprite_location": "origins:textures/gui/community/spiderkolo/resource_bar_02.png",
			"bar_index": 3
		},
		"condition": {
			"type": "origins:and",
			"conditions": [{
					"type": "origins:raycast",
					"distance": 30,
					"block": true,
					"entity": true,
					"shape_type": "collider",
					"fluid_handeling": "none"
				},
				{
					"type": "origins:equipped_item",
					"equipment_slot": "mainhand",
					"item_condition": {
						"type": "origins:ingredient",
                        "ingredient": {
						    "item": "minecraft:fishing_rod"
                        }
					}
				}
			]
		}
	},
	"visual_2": {
		"type": "origins:active_self",
		"entity_action": {
			"type": "origins:swing_hand",
			"hand": "MAIN_HAND"
		},
		"condition": {
			"type": "origins:and",
			"conditions": [{
					"type": "origins:raycast",
					"distance": 30,
					"block": true,
					"entity": true,
					"shape_type": "collider",
					"fluid_handeling": "none"
				},
				{
					"type": "origins:equipped_item",
					"equipment_slot": "mainhand",
					"item_condition": {
						"type": "origins:ingredient",
                        "ingredient": {
						    "item": "minecraft:fishing_rod"
                        }
					}
				}
			]
		},
		"cooldown": 0
	},
	"visual_3": {
		"type": "origins:active_self",
		"entity_action": {
			"type": "origins:swing_hand",
			"hand": "OFF_HAND"
		},
		"condition": {
			"type": "origins:and",
			"conditions": [{
					"type": "origins:raycast",
					"distance": 30,
					"block": true,
					"entity": true,
					"shape_type": "collider",
					"fluid_handeling": "none"
				},
				{
					"type": "origins:equipped_item",
					"equipment_slot": "mainhand",
					"item_condition": {
						"type": "origins:ingredient",
                        "ingredient": {
						    "item": "minecraft:fishing_rod"
                        }
					}
				}
			]
		},
		"cooldown": 0
	},
	"launch": {
		"type": "origins:active_self",
		"entity_action": {
			"type": "origins:and",
			"actions": [{
					"type": "origins:delay",
					"ticks": 3,
					"action": {
						"type": "origins:add_velocity",
						"z": 3,
						"space": "local"
					}
				},
				{
					"type": "origins:delay",
					"ticks": 4,
					"action": {
						"type": "origins:add_velocity",
						"y": 0.125,
						"space": "world"
					}
				}
			]
		},
		"condition": {
			"type": "origins:and",
			"conditions": [{
					"type": "origins:raycast",
					"distance": 30,
					"block": true,
					"entity": true,
					"shape_type": "collider",
					"fluid_handeling": "none"
				},
				{
					"type": "origins:equipped_item",
					"equipment_slot": "mainhand",
					"item_condition": {
						"type": "origins:ingredient",
                        "ingredient": {
						    "item": "minecraft:fishing_rod"
                        }
					}
				}
			]
		},
		"cooldown": 0,
		"hud_render": {
			"should_render": false
		}
	},
    "visual_4": {
		"type": "origins:fire_projectile",
		"cooldown": 0,
		"divergence": 0,
		"speed": 7,
		"entity_type": "minecraft:fishing_bobber",
		"hud_render": {
			"should_render": true,
			"sprite_location": "origins:textures/gui/community/spiderkolo/resource_bar_02.png",
			"bar_index": 3
		},
		"condition": {
			"type": "origins:and",
			"conditions": [{
					"type": "origins:raycast",
					"distance": 30,
					"block": true,
					"entity": true,
					"shape_type": "collider",
					"fluid_handeling": "none"
				},
				{
					"type": "origins:equipped_item",
					"equipment_slot": "offhand",
					"item_condition": {
						"type": "origins:ingredient",
                        "ingredient": {
						    "item": "minecraft:fishing_rod"
                        }
					}
				}
			]
		}
	},
    "launch_2": {
		"type": "origins:active_self",
		"entity_action": {
			"type": "origins:and",
			"actions": [{
					"type": "origins:delay",
					"ticks": 3,
					"action": {
						"type": "origins:add_velocity",
						"z": 3,
						"space": "local"
					}
				},
				{
					"type": "origins:delay",
					"ticks": 4,
					"action": {
						"type": "origins:add_velocity",
						"y": 0.125,
						"space": "world"
					}
				}
			]
		},
		"condition": {
			"type": "origins:and",
			"conditions": [{
					"type": "origins:raycast",
					"distance": 30,
					"block": true,
					"entity": true,
					"shape_type": "collider",
					"fluid_handeling": "none"
				},
				{
					"type": "origins:equipped_item",
					"equipment_slot": "offhand",
					"item_condition": {
						"type": "origins:ingredient",
                        "ingredient": {
						    "item": "minecraft:fishing_rod"
                        }
					}
				}
			]
		},
		"cooldown": 0,
		"hud_render": {
			"should_render": false
		}
	}
}