{ 
    "type":"origins:active_self",
    "entity_action":{
        "type":"origins:add_velocity",
        "space":"local",
        "z": 0.8
    },
    "cooldown": 200,
    "hud_render": {
        "sprite_location": "origins:textures/gui/community/spiderkolo/resource_bar_03.png",
        "bar_index": 16
    },
    "condition": {
        "type": "origins:sneaking"
            },
    "key": {
        "key": "key.jump"
    },
    "name":"Lunge",
    "description":"As a warrior, you've learned it is best to strike with relentless force."
}