{
  "hidden": false,
  "type": "origins:active_self",
  "cooldown": 100,
  "key": "key.origins.secondary_active",
  "hud_render": {
    "should_render": true,
    "sprite_location": "origins:textures/gui/community/huang/resource_bar_01.png",
    "bar_index": 1
  },
  "entity_action": {
    "type": "origins:add_velocity",
    "space": "local",
    "x": 0,
    "y": 0,
    "z": 1.5
  },
  "name": "Dash",
  "description": "Quickly dash 5 blocks in the direction you are looking. You will not dash if the blocks between there or the endpoint is not air."
}
