{
	"type": "origins:multiple",
	"amogus":
	{
		"type": "origins:action_on_callback",
		"entity_action_added": {
			"type": "origins:and",
			"actions": [
				{
					"type": "origins:delay",
					"ticks": 10,
					"action": {
						"type": "origins:and",
						"actions": [
							{
								"type": "origins:clear_effect"
							},
							{
								"type": "origins:extinguish"
							},
							{
								"type": "origins:execute_command",
								"command": "origin set @s origins:origin blade:master",
								"permission_level": 4
							},						{
								"type": "origins:delay",
								"ticks": 20,
								"action": {
									"type": "origins:and",
									"actions": [
										{
											"type": "origins:execute_command",
											"command": "power revoke @s blade:shake",
											"permission_level": 4
										}
									]
								}
							}
						]
					}
				}
			]
		}
	},
	"shake": 
	{
		"type": "origins:shaking"
	},
	"color": 
	{
		"type": "origins:model_color",
		"red": 0.2,
		"green": 0.2,
		"blue": 0.2
	},
	"iframes": 
	{
		"type":"origins:modify_damage_taken",
		"modifier":{
			"value": -1,
			"operation":"multiply_total"
		}
	},
	"melee":
	{
		"type": "origins:modify_damage_dealt",
		"target_condition": {
			"type": "origins:or",
			"conditions": [
				{
					"type": "origins:entity_type",
					"entity_type": "minecraft:player",
					"inverted": true
				},
				{
					"type": "origins:entity_type",
					"entity_type": "minecraft:player",
					"inverted": false
				}
			]
		},
		"modifier": {
			"operation": "multiply_total",
			"value": -1
		},
		"hidden": true
	},
	"projectile":
	{
		"type": "origins:modify_projectile_damage",
		"target_condition": {
			"type": "origins:or",
			"conditions": [
				{
					"type": "origins:entity_type",
					"entity_type": "minecraft:player",
					"inverted": true
				},
				{
					"type": "origins:entity_type",
					"entity_type": "minecraft:player",
					"inverted": false
				}
			]
		},
		"modifier": {
			"operation": "multiply_total",
			"value": -1
		},
		"hidden": true
	},
	"hidden": true
}