{
    "type": "origins:multiple",
    "resource":
    {
        "type": "origins:resource",
        "min": 0,
        "max": 60,
        "start_value": 0,
        "hud_render":
        {
            "should_render": true,
            "sprite_location": "origins:textures/gui/community/spiderkolo/resource_bar_02.png",
            "bar_index": 7,
            "condition":
            {
                "type": "origins:resource",
                "inverted": false,
                "comparison": "!=",
                "resource": "*:*_resource",
                "compare_to": 60
            }
        }
    },
    "overtime":
    {
        "type": "origins:action_over_time",
        "interval": 1,
        "entity_action":
        {
            "type": "origins:and",
            "actions":
            [
                {
                    "type": "origins:if_else",
                    "condition":
                    {
                        "type": "origins:and",
                        "conditions":
                        [
                            {
                                "type": "origins:on_block",
                                "inverted": true
                            },
                            {
                                "type": "origins:resource",
                                "inverted": false,
                                "comparison": "!=",
                                "resource": "*:*_resource",
                                "compare_to": 0
                            },
                            {
                                "type": "origins:or",
                                "inverted": false,
                                "conditions": [
                                    {
                                        "type": "origins:block_collision",
                                        "inverted": false,
                                        "offset_x": 0.1,
                                        "offset_z": 0.1,
                                        "offset_y": 0
                                    },
                                    {
                                        "type": "origins:block_collision",
                                        "inverted": false,
                                        "offset_x": -0.1,
                                        "offset_z": -0.1,
                                        "offset_y": 0
                                    }
                                ]
                            }
                        ]
                    },
                    "if_action":
                    {
                        "type": "origins:and",
                        "actions": [
                            {
                                "type": "origins:change_resource",
                                "resource": "*:*_resource",
                                "change": -1
                            },
                            {
                                "type": "origins:apply_effect",
                                "effect":
                                {
                                    "duration": 2,
                                    "is_ambient": false,
                                    "show_particles": false,
                                    "show_icon": false,
                                    "effect": "levitation",
                                    "amplifier": -1
                                }
                            },
                            {
                                "type": "origins:add_velocity",
                                "space": "local",
                                "set": false,
                                "z": 0.05
                            },
                            {
                                "type": "origins:execute_command",
                                "permission_level": 4,
                                "command": "playsound minecraft:block.powder_snow.break player @a[distance=..32] ~ ~ ~ .2 0"
                            }
                        ]
                    }
                },
                {
                    "type": "origins:if_else",
                    "condition":
                    {
                        "type": "origins:or",
                        "inverted": true,
                        "conditions": [
                            {
                                "type": "origins:block_collision",
                                "inverted": false,
                                "offset_x": 0.1,
                                "offset_z": 0.1,
                                "offset_y": 0
                            },
                            {
                                "type": "origins:block_collision",
                                "inverted": false,
                                "offset_x": -0.1,
                                "offset_z": -0.1,
                                "offset_y": 0
                            }
                        ]
                    },
                    "if_action":
                    {
                        "type": "origins:and",
                        "actions":
                        [
                            {
                                "type": "origins:clear_effect",
                                "effect": "levitation"
                            },
                            {
                                "type": "origins:change_resource",
                                "resource": "*:*_resource",
                                "change": 60
                            }
                        ]
                    }
                }
            ]
        }
    },
    "jump_off_wall":
    {
        "type": "origins:active_self",
        "key":
        {
            "key": "key.jump"
        },
        "cooldown": 5,
        "hud_render":
        {
            "should_render": false
        },
        "condition":
        {
            "type": "origins:resource",
            "inverted": false,
            "comparison": "!=",
            "resource": "*:*_resource",
            "compare_to": 60
        },
        "entity_action":
        {
            "type": "origins:and",
            "actions": [
                {
                    "type": "origins:add_velocity",
                    "space": "world",
                    "set": true,
                    "y": 0.5
                },
                {
                    "type": "origins:add_velocity",
                    "space": "local",
                    "z": 0.5
                },
                {
                    "type": "origins:execute_command",
                    "permission_level": 4,
                    "command": "particle minecraft:snowflake ~ ~ ~ .1 0 .1 0 10 normal"
                },
                {
                    "type": "origins:execute_command",
                    "permission_level": 4,
                    "command": "playsound minecraft:block.powder_snow.break player @a[distance=..32] ~ ~ ~ .4 0"
                }
            ]
        }
    }
}