{
	"type": "origins:multiple",
    "name": "Wall run",
    "description": "you can run on walls and jump off them which is togglable by the save tool bar button",
	"wall_resource": {
		"type": "origins:resource",
		"min": 0,
		"max": 60,
		"start_value": 60,
		"hud_render": {
			"should_render": true,
			"sprite_location": "origins:textures/gui/community/huang/resource_bar_01.png",
			"bar_index": 8,
			"condition": {
				"type": "origins:resource",
				"inverted": false,
				"comparison": "!=",
				"resource": "blade:wall_run_2_wall_resource",
				"compare_to": 60
			}
		}
	},
	"antifall_resource": {
		"type": "origins:resource",
		"min": 0,
		"max": 60,
		"start_value": 60,
		"hud_render": {
			"should_render": false,
			"sprite_location": "origins:textures/gui/community/spiderkolo/resource_bar_02.png",
			"bar_index": 8,
			"condition": {
				"type": "origins:resource",
				"inverted": false,
				"comparison": "!=",
				"resource": "blade:wall_run_2_antifall_resource",
				"compare_to": 60
			}
		}
	},
	"wall_overtime": {
		"type": "origins:action_over_time",
		"interval": 1,
		"entity_action": {
			"type": "origins:and",
			"actions": [{
					"type": "origins:if_else",
					"condition": {
						"type": "origins:and",
						"conditions": [{
								"type": "origins:on_block",
								"inverted": true
							},
							{
								"type": "origins:resource",
								"inverted": false,
								"comparison": "!=",
								"resource": "blade:wall_run_2_wall_resource",
								"compare_to": 0
							},
							{
								"type": "origins:or",
								"inverted": false,
								"conditions": [{
										"type": "origins:block_collision",
										"inverted": false,
										"offset_x": 0.1,
										"offset_z": 0.1,
										"offset_y": 0
									},
									{
										"type": "origins:block_collision",
										"inverted": false,
										"offset_x": -0.1,
										"offset_z": -0.1,
										"offset_y": 0
									}
								]
							}
						]
					},
					"if_action": {
						"type": "origins:and",
						"actions": [{
								"type": "origins:change_resource",
								"resource": "blade:wall_run_2_wall_resource",
								"change": -1
							},
							{
								"type": "origins:change_resource",
								"resource": "blade:wall_run_2_antifall_resource",
								"change": -60
							},
							{
								"type": "origins:apply_effect",
								"effect": {
									"duration": 2,
									"is_ambient": false,
									"show_particles": false,
									"show_icon": false,
									"effect": "levitation",
									"amplifier": -1
								}
							},
							{
								"type": "origins:add_velocity",
								"space": "local",
								"set": false,
								"z": 0.05
							},
							{
								"type": "origins:execute_command",
								"permission_level": 4,
								"command": "playsound minecraft:block.powder_snow.break player @a[distance=..32] ~ ~ ~ .2 0"
							}
						]
					}
				},
				{
					"type": "origins:if_else",
					"condition": {
						"type": "origins:and",
						"conditions": [{
								"type": "origins:or",
								"conditions": [{
										"type": "origins:or",
										"inverted": true,
										"conditions": [{
												"type": "origins:block_collision",
												"offset_x": 0.1,
												"offset_z": 0.1,
												"offset_y": 0
											},
											{
												"type": "origins:block_collision",
												"offset_x": -0.1,
												"offset_z": -0.1,
												"offset_y": 0
											}
										]
									},
									{
										"type": "origins:on_block"
									}
								]
							},
							{
								"type": "origins:or",
								"conditions": [{
										"type": "origins:resource",
										"comparison": "!=",
										"resource": "blade:wall_run_2_wall_resource",
										"compare_to": 60
									},
									{
										"type": "origins:resource",
										"comparison": "!=",
										"resource": "blade:wall_run_2_antifall_resource",
										"compare_to": 60
									}
								]
							}
						]
					},
					"if_action": {
						"type": "origins:and",
						"actions": [{
								"type": "origins:clear_effect",
								"effect": "levitation"
							},
							{
								"type": "origins:change_resource",
								"resource": "blade:wall_run_2_wall_resource",
								"change": 1
							},
							{
								"type": "origins:change_resource",
								"resource": "blade:wall_run_2_antifall_resource",
								"change": 2
							}
						]
					}
				}
			]
		},
		"condition": {
			"type": "origins:resource",
			"comparison": "==",
			"resource": "blade:wall_run_2_toggle_resource",
			"compare_to": 1
		}
	},

	"slow_falling": {
		"type": "origins:modify_falling",
		"velocity": 0.08,
		"take_fall_damage": false,
		"condition": {
			"type": "origins:and",
			"conditions": [{
				"type": "origins:resource",
				"inverted": false,
				"comparison": "!=",
				"resource": "*:*_antifall_resource",
				"compare_to": 60
			}]
		}
	},
	"walljump": {
		"type": "origins:active_self",
		"hud_render": {
			"should_render": false,
			"sprite_location": "apocalypse:textures/gui/mycomoss.png",
			"bar_index": 4
		},
		"cooldown": 2,
		"entity_action": {
			"type": "origins:if_else_list",
			"actions": [{
					"condition": {
						"type": "origins:in_block_anywhere",
						"block_condition": {
							"type": "origins:offset",
							"condition": {
								"type": "origins:movement_blocking"
							},
							"x": 1
						}
					},
					"action": {
						"type": "origins:and",
						"actions": [{
								"type": "origins:execute_command",
								"command": "particle minecraft:block moss_block ~ ~0 ~ 0 0.2 0 1 15",
								"permission_level": 4
							},
							{
								"type": "origins:add_velocity",
								"x": -0.6,
								"space": "world",
								"set": true
							},
							{
								"type": "origins:add_velocity",
								"y": 0.6,
								"space": "world"
							},
							{
								"type": "origins:add_velocity",
								"z": 0.5,
								"space": "local"
							},
							{
								"type": "origins:play_sound",
								"sound": "minecraft:item.armor.equip_leather",
								"volume": 1,
								"pitch": 0.9
							},
							{
								"type": "origins:change_resource",
								"resource": "_anblade:wall_run_2_antifall_resource",
								"change": -60
							}
						]
					}
				},
				{
					"condition": {
						"type": "origins:in_block_anywhere",
						"block_condition": {
							"type": "origins:offset",
							"condition": {
								"type": "origins:movement_blocking"
							},
							"x": -1
						}
					},
					"action": {
						"type": "origins:and",
						"actions": [{
								"type": "origins:execute_command",
								"command": "particle minecraft:block moss_block ~ ~0 ~ 0 0.2 0 1 15",
								"permission_level": 4
							},
							{
								"type": "origins:add_velocity",
								"x": 0.6,
								"space": "world",
								"set": true
							},
							{
								"type": "origins:add_velocity",
								"y": 0.6,
								"space": "world"
							},
							{
								"type": "origins:add_velocity",
								"z": 0.5,
								"space": "local"
							},
							{
								"type": "origins:play_sound",
								"sound": "minecraft:item.armor.equip_leather",
								"volume": 1,
								"pitch": 0.9
							},
							{
								"type": "origins:change_resource",
								"resource": "blade:wall_run_2__antifall_resource",
								"change": -60
							}
						]
					}
				},
				{
					"condition": {
						"type": "origins:in_block_anywhere",
						"block_condition": {
							"type": "origins:offset",
							"condition": {
								"type": "origins:movement_blocking"
							},
							"z": 1
						}
					},
					"action": {
						"type": "origins:and",
						"actions": [{
								"type": "origins:execute_command",
								"command": "particle minecraft:block moss_block ~ ~0 ~ 0 0.2 0 1 15",
								"permission_level": 4
							},
							{
								"type": "origins:add_velocity",
								"z": -0.6,
								"space": "world",
								"set": true
							},
							{
								"type": "origins:add_velocity",
								"y": 0.6,
								"space": "world"
							},
							{
								"type": "origins:add_velocity",
								"z": 0.5,
								"space": "local"
							},
							{
								"type": "origins:play_sound",
								"sound": "minecraft:item.armor.equip_leather",
								"volume": 1,
								"pitch": 0.9
							},
							{
								"type": "origins:change_resource",
								"resource": "blade:wall_run_2__antifall_resource",
								"change": -60
							}
						]
					}
				},
				{
					"condition": {
						"type": "origins:in_block_anywhere",
						"block_condition": {
							"type": "origins:offset",
							"condition": {
								"type": "origins:movement_blocking"
							},
							"z": -1
						}
					},
					"action": {
						"type": "origins:and",
						"actions": [{
								"type": "origins:execute_command",
								"command": "particle minecraft:block moss_block ~ ~0 ~ 0 0.2 0 1 15",
								"permission_level": 4
							},
							{
								"type": "origins:add_velocity",
								"z": 0.6,
								"space": "world",
								"set": true
							},
							{
								"type": "origins:add_velocity",
								"y": 0.6,
								"space": "world"
							},
							{
								"type": "origins:add_velocity",
								"z": 0.5,
								"space": "local"
							},
							{
								"type": "origins:play_sound",
								"sound": "minecraft:item.armor.equip_leather",
								"volume": 1,
								"pitch": 0.9
							},
							{
								"type": "origins:change_resource",
								"resource": "blade:wall_run_2__antifall_resource",
								"change": -60
							}
						]
					}
				}
			]
		},
		"condition": {
			"type": "origins:and",
			"conditions": [{
					"type": "origins:or",
					"conditions": [{
							"type": "origins:in_block_anywhere",
							"block_condition": {
								"type": "origins:offset",
								"condition": {
									"type": "origins:movement_blocking"
								},
								"x": 1
							}
						},
						{
							"type": "origins:in_block_anywhere",
							"block_condition": {
								"type": "origins:offset",
								"condition": {
									"type": "origins:movement_blocking"
								},
								"x": -1
							}
						},
						{
							"type": "origins:in_block_anywhere",
							"block_condition": {
								"type": "origins:offset",
								"condition": {
									"type": "origins:movement_blocking"
								},
								"z": 1
							}
						},
						{
							"type": "origins:in_block_anywhere",
							"block_condition": {
								"type": "origins:offset",
								"condition": {
									"type": "origins:movement_blocking"
								},
								"z": -1
							}
						}
					]
				},
				{
					"type": "origins:on_block",
					"inverted": true
				},
				{
					"type": "origins:fall_flying",
					"inverted": true
				},
				{
					"type": "origins:creative_flying",
					"inverted": true
				},
				{
					"type": "origins:gamemode",
					"gamemode": "spectator",
					"inverted": true
				},
				{
					"type": "origins:resource",
					"comparison": "==",
					"resource": "blade:wall_run_2_toggle_resource",
					"compare_to": 1
				},
				{
					"type": "origins:resource",
					"inverted": false,
					"comparison": "!=",
					"resource": "blade:wall_run_2_wall_resource",
					"compare_to": 0
				}
			]
		},
		"key": {
			"key": "key.jump",
			"continuous": false
		}
	},
    "toggle_resource": {
        "type": "origins:resource",
        "hud_render": {
            "should_render": false
        },
        "min": 0,
        "max": 1,
        "start_value": 0
    },
    "toggle_on": {
        "type": "origins:active_self",
        "key": "key.saveToolbarActivator",
        "entity_action": {
            "type": "origins:delay",
            "ticks": 1,
            "action": {
                "type": "origins:and",
                "actions": [
                    {
                        "type": "origins:change_resource",
                        "resource": "blade:wall_run_2_toggle_resource",
                        "change": 1
                    }
                ]
        }
    },
    "condition": {
        "type": "origins:resource",
        "resource": "blade:wall_run_2_toggle_resource",
        "compare_to": 0,
        "comparison":"=="
    }
},
"toggle_off": {
    "type": "origins:active_self",
    "key": "key.saveToolbarActivator",
    "entity_action": {
        "type": "origins:delay",
        "ticks": 1,
        "action": {
            "type": "origins:and",
            "actions": [
                {
                    "type": "origins:change_resource",
                    "resource": "blade:wall_run_2_toggle_resource",
                    "change": -1
                }
            ]
    }
},
"condition": {
    "type": "origins:resource",
    "resource": "blade:wall_run_2_toggle_resource",
    "compare_to": 1,
    "comparison":"=="
}
}
}