{
	"powers": [
		"blade:charge",
		"blade:double_jump",
		"blade:side_step",
		"blade:slip",
		"blade:rogue_dash",
		"blade:rogue_dash_particles",
		"blade:knockback",
		"blade:wall_run_2",
		"blade:fall_break",
		"blade:fall_break_recharge",
		"blade:fall_break_resource",
		"blade:throw_arrows",
		"blade:rep",
		"blade:frivolous_armor",
		"blade:light_countdown",
		"blade:grapple",
		"blade:credits"
	],
	"icon": "minecraft:iron_sword",
	"order": 10,
	"impact": 2,
	"name": "Nightrunner",
	"description": "When the world fell to chaos, you stepped up to survive, using mobility and evasion tactics to your benefit."
}
