{
	"type": "origins:active_self",
	"cooldown": 600,
	"hud_render": {
		"should_render": true,
    "sprite_location": "origins:textures/gui/community/spiderkolo/resource_bar_01.png",
    "bar_index": 0
	},
	"key": {
		"key": "key.origins.primary_active",
		"continuous": true
	},
	"entity_action": {
		"type": "origins:and",
		"actions": [
			{
				"type": "origins:execute_command",
                "command": "summon bee"
			},
			{
				"type": "origins:execute_command",
                "command": "summon bee"
			},
			{
				"type": "origins:execute_command",
                "command": "summon bee"
			},
			{
				"type": "origins:execute_command",
                "command": "summon bee"
			},
			{
				"type": "origins:execute_command",
                "command": "summon bee"
			}
		]
	},
	"name": "Bees!",
	"description": "You can summon bees sometimes! But do NOT hurt them, this is a threat."
}