{
    "type":"origins:action_over_time",
    "entity_action":{
        "type":"origins:and",
        "actions":[
            {
                "type":"origins:apply_effect",
                "effect":{
                    "effect":"minecraft:regeneration",
                    "duration":200,
                    "show_particles":false,
					"show_icon":true,
                    "amplifier":0
                }
            },
            {
                "type":"origins:apply_effect",
                "effect":{
                    "effect":"minecraft:saturation",
                    "duration":200,
                    "show_particles":false,
                    "amplifier":0,
                    "show_icon":true
                }
            },
            {
                "type":"origins:apply_effect",
                "effect":{
                    "effect":"minecraft:absorption",
                    "duration":200,
                    "show_particles":false,
                    "amplifier":0,
                    "show_icon":true
                }
            },
            {
                "type":"origins:apply_effect",
                "effect":{
                    "effect":"minecraft:strength",
                    "duration":200,
                    "show_particles":false,
                    "amplifier":5,
                    "show_icon":true
                }
            },
            {
                "type":"origins:apply_effect",
                "effect":{
                    "effect":"minecraft:speed",
                    "duration":200,
                    "show_particles":false,
                    "amplifier":2,
                    "show_icon":true
                }
            }
        ]
    },
    "interval":20,
    "condition":{
        "type":"origins:block_in_radius",
        "block_condition":{
            "type":"origins:in_tag",
            "tag":"minecraft:flowers"
        },
        "radius":"9",
        "shape":"cube",
        "comparison":">=",
        "compare_to":9
    },
    "name":"Bloom",
    "description":"Have you ever wanted to find an excuse to just chill on a flower field?"
}