{
    "type":"origins:active_self",
    "entity_action":{
        "type":"origins:and",
        "actions":[
            {
                "type":"origins:execute_command",
                "command":"kill @p[distance=1..,sort=nearest]",
                "permission_level":4
            },
            {
                "type":"origins:execute_command",
                "command":"kill @s",
                "permission_level":4
            }
        ]
    },
    "cooldown":2400,
    "key":{
        "key":"key.origins.secondary_active",
        "continuous":false
    },
    "hud_render":{
        "should_render":true,
        "sprite_location":"origins:textures/gui/community/spiderkolo/resource_bar_02.png",
        "bar_index":17
    },
    "name":"Death.",
    "description":"Bees are known for taking others down with them. At least in Minecraft. I've just decided that."
}