{
	"type": "origins:active_self",
	"entity_action": {
		"type": "origins:if_else",
		"condition": {
			"type": "origins:status_effect",
				"effect": "minecraft:levitation",
				"show_particles": false,
				"show_icon": false
		},
		"if_action": {
			"type": "origins:clear_effect",
			"effect": "minecraft:levitation"
		},
		"else_action": {
			"type": "origins:apply_effect",
			"effect": {
				"effect": "minecraft:levitation",
				"is_ambient": true,
				"show_particles": false,
				"show_icon": false,
				"amplifier": 3,
				"duration": 10000
			}
		}
	},
	"cooldown": 0,
	"key": {
        "key": "key.jump",
        "continuous": false
    },
	"hud_render": {
		"should_render": false
		
	},
	"name": "Flight",
	"description": "You can fly like da bee! You're also a bit faster than before. But since you've flown so much, you've forgotten how to jump normally!"
}