{
  "type": "origins:stacking_status_effect",
  "min_stacks": 0,
  "max_stacks": 10,
  "duration_per_stack": 100,
  "effects": {
    "effect": "minecraft:mining_fatigue",
    "duration": 100,
    "amplifier": 0,
    "is_ambient": true,
    "show_particles": false,
    "show_icon": true
  },
  "condition": {
    "type": "origins:biome",
    "condition": {
      "type": "origins:temperature",
      "comparison": ">=",
      "compare_to": 1
    }
    },

  "name": "Too Hot",
  "description": "You're too weak to work in warm biomes."
}