{
    "type":"origins:active_self",
    "entity_action": {
        "type": "origins:area_of_effect",
        "radius": 10,
        "bientity_action":{
            "type": "origins:target_action",
            "action":{
                "type": "origins:apply_effect",
                "effect": {
                    "effect": "minecraft:slowness",
                    "duration": 200,
                    "amplifier": 3
                }
            }
        }
    },
    "cooldown": 600,
    "hud_render": {
        "sprite_location": "origins:textures/gui/community/huang/resource_bar_02.png",
        "bar_index": 9
    },
    "key": {
        "key": "key.origins.secondary_active"
    },
    "name": "Chilled Air",
    "description": "The air is cooled by your body slowing enemies"
}