{
    "type": "origins:fire_projectile",
    "entity_type" : "minecraft:arrow",
    "cooldown": 30,
    "count": 3,
    "speed": 1.6,
    "divergence": 1,
    "tag": "{pickup:0b,CustomPotionEffects:[{Id:2,duration:100,Amplifier:1b}]}",
    "key":{
        "key" :"key.origins.primary_active",
        "continuous": "false"
    },
    "hud_render":{
        "should_render":"true",
        "sprite_location": "origins:textures/gui/community/huang/resource_bar_01.png",
        "bar_index": 2
    },
    "name":"icicles",
    "description": "shoots 3 arrows witch inflect damage and slowness"
    
}