{
    "type": "origins:action_over_time",
    "entity_action": {
        "type": "origins:and",
        "actions": [
            {
                "type": "origins:apply_effect",
                "effect": {
                    "effect": "minecraft:weakness",
                    "duration": 100,
                    "amplifier": 1,
                    "show_particles": false,
                    "show_icon": false
                }
            },
            {
                "type": "origins:apply_effect",
                "effect": {
                    "effect": "minecraft:slowness",
                    "duration": 100,
                    "amplifier": 1,
                    "show_particles": false,
                    "show_icon": false
                }
            }
        ]
    },
    "interval": 20,
    "condition": {
        "type": "origins:dimension",
        "dimension": "minecraft:the_nether"
    },
    "name": "too Hot",
    "description": "places like the nether are to hot for you to function properly"
}