{
    "type": "origins:multiple",
    "dismount": {
        "type": "origins:active_self",
        "entity_action": {
            "type": "origins:dismount"
        }
    },
    "launch": {
        "type": "origins:launch",
        "cooldown": 350,
        "hud_render": {
            "sprite_location": "origins:textures/gui/community/spiderkolo/resource_bar_03.png",
            "bar_index": 16
        },
        "sound": "minecraft:entity.parrot.fly",
        "speed": 1.5,
        "key": {
            "key": "key.origins.primary_active",
            "continuous": true
        }
    },
    "name": "launch",
    "description": "you can launch yourself in the air, don't relay know why"
}